UniProt_ID,Gene_Name,Protein_Name,Reviewed,Protein_Length,Top_ESM_Score,Num_Peptides,Avg_ESM_Score,Peptide_List
P12109,COL6A1,Collagen alpha-1(VI) chain,reviewed,1028,0.9973751306533812,2,0.7658302783966064,AVAFQDCPVDLFFVLDTSESVALR; GPEGPQGPPGHQGPPGPDECEILDIIMK
P08123,COL1A2,Collagen alpha-2(I) chain (Alpha-2 type I collagen),reviewed,1366,0.9957473874092102,3,0.5830957492192587,GDGGPPGMTGFPGAAGR; GEIGAVGNAGPAGPAGPR; GENGVVGPTGPVGAAGPAGPNGPPGPAGSR
P12111,COL6A3,Collagen alpha-3(VI) chain,reviewed,3177,0.9812387228012084,10,0.7009968042373658,DVVFLIDGSQSAGPEFQYVR; DVVFLIDGSQSAGPEFQYVR; DVVFLIDGSQSAGPEFQYVR; DVVFLIDGSQSAGPEFQYVR; RDVVFLIDGSQSAGPEFQYVR; RDVVFLIDGSQSAGPEFQYVR; RDVVFLIDGSQSAGPEFQYVR; RDVVFLIDGSQSAGPEFQYVR; YPPPAVESDAADIVFLIDSSEGVRPDGFAHIR; YPPPAVESDAADIVFLIDSSEGVRPDGFAHIR
P08572,COL4A2,Collagen alpha-2(IV) chain [Cleaved into: Canstatin],reviewed,1712,0.947540283203125,1,0.947540283203125,GEQGFMGNTGPTGAVGDR
P04004,VTN,Vitronectin (VN) (S-protein) (Serum-spreading factor) (V75) [Cleaved into: Vitronectin V65 subunit; Vitronectin V10 subunit; Somatomedin-B],reviewed,478,0.8514977693557739,1,0.8514977693557739,MDWLVPATCEPIQSVFFFSGDK
P01024,C3 CPAMD1,Complement C3 (C3 and PZP-like alpha-2-macroglobulin domain-containing protein 1) [Cleaved into: Complement C3 beta chain; C3-beta-c (C3bc); Complement C3 alpha chain; C3a anaphylatoxin; Acylation stimulating protein (ASP) (C3adesArg); Complement C3b (Complement C3b-alpha' chain); Complement C3c alpha' chain fragment 1; Complement C3dg fragment; Complement C3g fragment; Complement C3d fragment; Complement C3f fragment; Complement C3c alpha' chain fragment 2],reviewed,1663,0.7439718246459961,1,0.7439718246459961,GDQDATMSILDISMMTGFAPDTDDLK
P25092,GUCY2C GUC2C STAR,Guanylyl cyclase C (GC-C) (EC 4.6.1.2) (Heat-stable enterotoxin receptor) (STA receptor) (hSTAR) (Intestinal guanylate cyclase),reviewed,1073,0.7429413795471191,1,0.7429413795471191,MGCVLIGPSCTYSTFQMYLDTELSYPMISAGSFGLSCDYK
Q9Y6Q9,NCOA3 AIB1 BHLHE42 RAC3 TRAM1,Nuclear receptor coactivator 3 (NCoA-3) (EC 2.3.1.48) (ACTR) (Amplified in breast cancer 1 protein) (AIB-1) (CBP-interacting protein) (pCIP) (Class E basic helix-loop-helix protein 42) (bHLHe42) (Receptor-associated coactivator 3) (RAC-3) (Steroid receptor coactivator protein 3) (SRC-3) (Thyroid hormone receptor activator molecule 1) (TRAM-1),reviewed,1424,0.6630176901817322,1,0.6630176901817322,YGGSSNIASLTPGPGMQSPSSYQNNNYGLNMSSPPHGSPGLAPNQQNIMISPR
Q15063,POSTN OSF2,Periostin (PN) (Osteoblast-specific factor 2) (OSF-2),reviewed,836,0.6327301859855652,4,0.4834659844636917,ELLTQPGDWTLFVPTNDAFK; ELLTQPGDWTLFVPTNDAFK; GSFTYFAPSNEAWDNLDSDIR; GSFTYFAPSNEAWDNLDSDIR
P00751,CFB BF BFD,Complement factor B (EC 3.4.21.47) (C3/C5 convertase) (Glycine-rich beta glycoprotein) (GBG) (PBF2) (Properdin factor B) [Cleaved into: Complement factor B Ba (Ba); Complement factor B Bb (Bb)],reviewed,764,0.6262465715408325,2,0.6262465715408325,HVIILMTDGLHNMGGDPITVIDEIR; HVIILMTDGLHNMGGDPITVIDEIR
Q15582,TGFBI BIGH3,Transforming growth factor-beta-induced protein ig-h3 (Beta ig-h3) (Kerato-epithelin) (RGD-containing collagen-associated protein) (RGD-CAP),reviewed,683,0.5422221422195435,2,0.5215564668178558,DILATNGVIHYIDELLIPDSAK; EGVYTVFAPTNEAFR
P02458,COL2A1,Collagen alpha-1(II) chain (Alpha-1 type II collagen) [Cleaved into: Collagen alpha-1(II) chain; Chondrocalcin],reviewed,1487,0.5066815614700317,1,0.5066815614700317,GFPGLPGPSGEPGK
P22105,TNXB HXBL TNX TNXB1 TNXB2 XB,Tenascin-X (TN-X) (Hexabrachion-like protein),reviewed,4244,0.5034172534942627,4,0.4059748128056526,ERPLNVFCDMETDGGGWLVFQR; ERPLNVFCDMETDGGGWLVFQR; ERPLNVFCDMETDGGGWLVFQR; TEWTPAPGPVDAYEIQFIPTTEGASPPFTAR
P05997,COL5A2,Collagen alpha-2(V) chain,reviewed,1499,0.4818324446678161,2,0.327120654284954,GEAGPTGPMGAMGPLGPR; IECQDVLDCADPVTPPGECCPVCSQTPGGGNTNFGR
Q06828,FMOD FM SLRR2E,Fibromodulin (FM) (Collagen-binding 59 kDa protein) (Keratan sulfate proteoglycan fibromodulin) (KSPG fibromodulin),reviewed,376,0.4766057431697845,2,0.3607225641608238,KVPDGLPSALEQLYMEHNNVYTVPDSYFR; SLILLDLSYNHLR
P26038,MSN,Moesin (Membrane-organizing extension spike protein),reviewed,577,0.4323407411575317,1,0.4323407411575317,GSELWLGVDALGLNIYEQNDR
Q14112,NID2,Nidogen-2 (NID-2) (Osteonidogen),reviewed,1375,0.419397234916687,1,0.419397234916687,AGLELGAEPETIVNSGLISPEGLAIDHIR
P02768,ALB GIG20 GIG42 PRO0903 PRO1708 PRO2044 PRO2619 PRO2675 UNQ696/PRO1341,Albumin,reviewed,609,0.4136753678321838,1,0.4136753678321838,LVRPEVDVMCTAFHDNEETFLK
P02679,FGG PRO2061,Fibrinogen gamma chain,reviewed,453,0.369192361831665,1,0.369192361831665,FGSYCPTTCGIADFLSTYQTK
Q9HDC9,APMAP C20orf3 UNQ1869/PRO4305,Adipocyte plasma membrane-associated protein (Protein BSCv),reviewed,416,0.3656216263771057,1,0.3656216263771057,LFENQLVGPESIAHIGDVMFTGTADGR
P08294,SOD3,Extracellular superoxide dismutase [Cu-Zn] (EC-SOD) (EC 1.15.1.1),reviewed,240,0.3609649837017059,1,0.3609649837017059,AIHVHQFGDLSQGCESTGPHYNPLAVPHPQHPGDFGNFAVR
Q99715,COL12A1 COL12A1L,Collagen alpha-1(XII) chain,reviewed,3063,0.3104697465896606,3,0.3104697465896606,LKPDTPYTITVSSLYPDGEGGR; LKPDTPYTITVSSLYPDGEGGR; LKPDTPYTITVSSLYPDGEGGR
Q05707,COL14A1 UND,Collagen alpha-1(XIV) chain (Undulin),reviewed,1796,0.2985635995864868,4,0.2588294446468353,NADVNELQEIASEPDSTHVYNVAEFDLMHTVVESLTR; NADVNELQEIASEPDSTHVYNVAEFDLMHTVVESLTR; VTYMTAQGDPEEEVIGTVMVPGSQNNLLLKPLLPDTEYK; VTYMTAQGDPEEEVIGTVMVPGSQNNLLLKPLLPDTEYK
O00159,MYO1C,Unconventional myosin-Ic (Myosin I beta) (MMI-beta) (MMIb),reviewed,1063,0.2918249368667602,1,0.2918249368667602,ENLIYTYIGPVLVSVNPYR
Q9UGT4,SUSD2,Sushi domain-containing protein 2,reviewed,822,0.287076324224472,1,0.287076324224472,FLTHTHGLLGTLNNDPTDDFTLHSGR
P02751,FN1 FN,Fibronectin (FN) (Cold-insoluble globulin) (CIG) [Cleaved into: Anastellin; Ugl-Y1; Ugl-Y2; Ugl-Y3],reviewed,2477,0.2845357954502105,8,0.2352892309427261,EVTSDSGSIVVSGLTPGVEYVYTIQVLR; EVTSDSGSIVVSGLTPGVEYVYTIQVLR; EVTSDSGSIVVSGLTPGVEYVYTIQVLR; EVTSDSGSIVVSGLTPGVEYVYTIQVLR; VVTPLSPPTNLHLEANPDTGVLTVSWER; VVTPLSPPTNLHLEANPDTGVLTVSWER; VVTPLSPPTNLHLEANPDTGVLTVSWER; VVTPLSPPTNLHLEANPDTGVLTVSWER
P00746,CFD DF PFD,Complement factor D (EC 3.4.21.46) (Adipsin) (C3 convertase activator) (Properdin factor D),reviewed,253,0.2674039602279663,1,0.2674039602279663,DVAPGTLCDVAGWGIVNHAGR
P98160,HSPG2,Basement membrane-specific heparan sulfate proteoglycan core protein (HSPG) (Perlecan) (PLC) [Cleaved into: Endorepellin; LG3 peptide],reviewed,4391,0.2632301449775696,1,0.2632301449775696,LHQMSVADSGEYVCR
Q9UBG3,CRNN C1orf10 DRC1 PDRC1 SEP53,Cornulin (53 kDa putative calcium-binding protein) (53 kDa squamous epithelial-induced stress protein) (58 kDa heat shock protein) (Squamous epithelial heat shock protein 53) (Tumor-related protein),reviewed,495,0.2519653737545013,1,0.2519653737545013,LLEQEFADVIVKPHDPATVDEVLR
Q12805,EFEMP1 FBLN3 FBNL,EGF-containing fibulin-like extracellular matrix protein 1 (Extracellular protein S1-5) (Fibrillin-like protein) (Fibulin-3) (FIBL-3),reviewed,493,0.2385828346014022,1,0.2385828346014022,IQCAAGYEQSEHNVCQDIDECTAGTHNCR
P06681,C2,Complement C2 (C3/C5 convertase) [Cleaved into: Complement C2a; Serine protease complement C2b (EC 3.4.21.43)],reviewed,752,0.2336022108793258,1,0.2336022108793258,GALISDQWVLTAAHCFR
P24821,TNC HXB,Tenascin (TN) (Cytotactin) (GMEM) (GP 150-225) (Glioma-associated-extracellular matrix antigen) (Hexabrachion) (JI) (Myotendinous antigen) (Neuronectin) (Tenascin-C) (TN-C),reviewed,2201,0.2297901064157486,2,0.2297901064157486,TTLTGLRPGTEYGIGVSAVK; TTLTGLRPGTEYGIGVSAVK
P23946,CMA1 CYH CYM,Chymase (EC 3.4.21.39) (Alpha-chymase) (Mast cell protease I),reviewed,247,0.2157541811466217,2,0.2157541811466217,GDSGGPLLCAGVAQGIVSYGR; GDSGGPLLCAGVAQGIVSYGR
P55290,CDH13 CDHH,Cadherin-13 (Heart cadherin) (H-cadherin) (P105) (Truncated cadherin) (T-cad) (T-cadherin),reviewed,713,0.2104345858097076,2,0.2104345858097076,TLEGPVPLEVIVIDQNDNRPIFR; TLEGPVPLEVIVIDQNDNRPIFR
P43121,MCAM MUC18,Cell surface glycoprotein MUC18 (Cell surface glycoprotein P1H12) (Melanoma cell adhesion molecule) (Melanoma-associated antigen A32) (Melanoma-associated antigen MUC18) (S-endo 1 endothelial-associated antigen) (CD antigen CD146),reviewed,646,0.2101987600326538,1,0.2101987600326538,VLSTLNVLVTPELLETGVECTASNDLGK
P00505,GOT2 KYAT4,"Aspartate aminotransferase, mitochondrial (mAspAT) (EC 2.6.1.1) (EC 2.6.1.7) (Fatty acid-binding protein) (FABP-1) (Glutamate oxaloacetate transaminase 2) (Kynurenine aminotransferase 4) (Kynurenine aminotransferase IV) (Kynurenine--oxoglutarate transaminase 4) (Kynurenine--oxoglutarate transaminase IV) (Plasma membrane-associated fatty acid-binding protein) (FABPpm) (Transaminase A)",reviewed,430,0.1963704824447631,1,0.1963704824447631,VLPGIAAAFHPGLAAAASARASSWWTHVEMGPPDPILGVTEAFK
P46939,UTRN DMDL DRP1,Utrophin (Dystrophin-related protein 1) (DRP-1),reviewed,3433,0.1952274292707443,1,0.1952274292707443,LNQNDQLLSVPDVINCLTTTYDGLEQMHK
P02749,APOH B2G1,Beta-2-glycoprotein 1 (APC inhibitor) (Activated protein C-binding protein) (Anticardiolipin cofactor) (Apolipoprotein H) (Apo-H) (Beta-2-glycoprotein I) (B2GPI) (Beta(2)GPI),reviewed,345,0.1767009943723678,1,0.1767009943723678,TFYEPGEEITYSCKPGYVSR
P62820,RAB1A RAB1,Ras-related protein Rab-1A (EC 3.6.5.2) (YPT1-related protein),reviewed,205,0.1739030927419662,2,0.1739030927419662,EFADSLGIPFLETSAK; EFADSLGIPFLETSAK
Q9H0U4,RAB1B,Ras-related protein Rab-1B (EC 3.6.5.2),reviewed,201,0.1739030927419662,1,0.1739030927419662,EFADSLGIPFLETSAK
